record_type,time_us,time_s,clock_id,wall_temperature_k,hot_temperature_k,cold_temperature_k,pump_speed,valve_opening,heat_in_j,heat_rejected_j,flow_m3_s,pump_pressure_pa,energy_residual_j
benchmark_sample,0,0.0,simulation,293.15,293.15,293.15,0.0,0.0,0.0,0.0,0.0,0.0,0.0
benchmark_sample,10000000,10.0,simulation,298.1499999999955,293.15,293.15,0.0,0.0,49999.999999999956,0.0,0.0,0.0,-4.4863554649055004e-08
benchmark_sample,20000000,20.0,simulation,303.1499999999909,293.15,293.15,0.0,0.0,99999.99999999926,0.0,0.0,0.0,-9.020732250064611e-08
benchmark_sample,30000000,30.0,simulation,308.1499999999863,293.15,293.15,0.0,0.0,149999.99999999857,0.0,0.0,0.0,-1.355656422674656e-07
benchmark_sample,40000000,40.0,simulation,313.14999999998196,293.15,293.15,0.0,0.0,200000.0000000007,0.0,0.0,0.0,-1.8088030628859997e-07
benchmark_sample,50000000,50.0,simulation,318.14999999997775,293.15,293.15,0.0,0.0,250000.00000000352,0.0,0.0,0.0,-2.2578751668334007e-07
benchmark_sample,60000000,60.0,simulation,323.14999999997355,293.15,293.15,0.0,0.0,300000.00000000634,0.0,0.0,0.0,-2.7066562324762344e-07
benchmark_sample,70000000,70.0,simulation,328.14999999996934,293.15,293.15,0.0,0.0,350000.0000000092,0.0,0.0,0.0,-3.156019374728203e-07
benchmark_sample,80000000,80.0,simulation,333.14999999996513,293.15,293.15,0.0,0.0,400000.000000012,0.0,0.0,0.0,-3.604218363761902e-07
benchmark_sample,90000000,90.0,simulation,338.1499999999609,293.15,293.15,0.0,0.0,450000.00000001484,0.0,0.0,0.0,-4.05358150601387e-07
benchmark_sample,100000000,100.0,simulation,343.1499999999567,293.15,293.15,0.0,0.0,500000.0000000177,0.0,0.0,0.0,-4.5029446482658386e-07
benchmark_sample,110000000,110.0,simulation,348.1499999999525,293.15,293.15,0.0,0.0,550000.0000000205,0.0,0.0,0.0,-4.951143637299538e-07
benchmark_sample,120000000,120.0,simulation,353.14999999994825,293.15,293.15,0.0,0.0,600000.0000000234,0.0,0.0,0.0,-5.406327545642853e-07
benchmark_sample,130000000,130.0,simulation,358.149999999946,293.15,293.15,0.0,0.0,650000.0000000234,0.0,0.0,0.0,-5.634501576423645e-07
benchmark_sample,140000000,140.0,simulation,363.14999999995166,293.15,293.15,0.0,0.0,700000.000000012,0.0,0.0,0.0,-4.951143637299538e-07
benchmark_sample,150000000,150.0,simulation,368.14999999995734,293.15,293.15,0.0,0.0,750000.0000000007,0.0,0.0,0.0,-4.270114004611969e-07
terminal_boundary,,150.00000000008527,simulation,368.15,293.15,293.15,0.0,0.0,750000.000000427,0.0,0.0,0.0,-4.270114004611969e-07
